{"cameraMode":{"drawMode":1,"name":"Wireframe","section":"Shading Mode"},"sceneLighting":true,"audioPlay":false,"sceneViewState":{"m_AlwaysRefresh":false,"showFog":true,"showSkybox":true,"showFlares":true,"showImageEffects":true,"showParticleSystems":true,"showVisualEffectGraphs":true,"m_FxEnabled":true},"in2DMode":false,"pivot":{"x":0.14721322059631349,"y":0.7419180870056152,"z":-0.47543954849243166},"rotation":{"x":0.026433024555444719,"y":0.9688170552253723,"z":-0.21594412624835969,"w":0.118589848279953},"size":1.8202235698699952,"orthographic":false}